id,Month,Day,Year,Time,module,timezone,Date,Likes,Retweet,text
1,Oct,2nd,2020,12:54:06,AM,EST,1.Oct 2nd 2020 - 12:54:06 AM EST,1870k,409k,"Tonight, @FLOTUS and I tested positive for COVID-19. We will begin our quarantine and recovery process immediately. We will get through this TOGETHER!"
2,Nov,8th,2016,6:43:14,AM,EST,2.Nov 8th 2016 - 6:43:14 AM EST,498k,281k,TODAY WE MAKE AMERICA GREAT AGAIN!
3,Jun,4th,2014,6:23:11,AM,EST,3.Jun 4th 2014 - 6:23:11 AM EST,231k,238k,Are you allowed to impeach a president for gross incompetence?
4,Aug,2nd,2019,1:41:30,PM,EST,4.Aug 2nd 2019 - 1:41:30 PM EST,821k,226k,"A$AP Rocky released from prison and on his way home to the United States from Sweden. It was a Rocky Week, get home ASAP A$AP!"
5,Nov,11th,2017,7:48:01,PM,EST,5.Nov 11th 2017 - 7:48:01 PM EST,534k,217k,"Why would Kim Jong-un insult me by calling me ""old,"" when I would NEVER call him ""short and fat?"" Oh well, I try so hard to be his friend - and maybe someday that will happen!"
6,Aug,31st,2013,5:46:07,AM,EST,6.Aug 31st 2013 - 5:46:07 AM EST,176k,211k,"Be prepared, there is a small chance that our horrendous leadership could unknowingly lead us into World War III."
7,May,31st,2020,12:23:43,PM,EST,7.May 31st 2020 - 12:23:43 PM EST,788k,211k,The United States of America will be designating ANTIFA as a Terrorist Organization.
8,Nov,7th,2020,10:36:36,AM,EST,8.Nov 7th 2020 - 10:36:36 AM EST,1188k,191k,"I WON THIS ELECTION, BY A LOT!"
9,Nov,12th,2020,11:34:00,AM,EST,9.Nov 12th 2020 - 11:34:00 AM EST,620k,186k,"“REPORT: DOMINION DELETED 2.7 MILLION TRUMP VOTES NATIONWIDE. DATA ANALYSIS FINDS 221,000 PENNSYLVANIA VOTES SWITCHED FROM PRESIDENT TRUMP TO BIDEN. 941,000 TRUMP VOTES DELETED. STATES USING DOMINION VOTING SYSTEMS SWITCHED 435,000 VOTES FROM TRUMP TO BIDEN.” @ChanelRion @OANN"
10,Jul,19th,2019,4:01:47,PM,EST,10.Jul 19th 2019 - 4:01:47 PM EST,680k,180k,Just spoke to @KanyeWest about his friend A$AP Rocky’s incarceration. I will be calling the very talented Prime Minister of Sweden to see what we can do about helping A$AP Rocky. So many people would like to see this quickly resolved!
11,Nov,9th,2016,6:36:58,AM,EST,11.Nov 9th 2016 - 6:36:58 AM EST,539k,177k,Such a beautiful and important evening! The forgotten man and woman will never be forgotten again. We will all come together as never before
12,Nov,10th,2020,8:44:22,AM,EST,12.Nov 10th 2020 - 8:44:22 AM EST,1024k,165k,WE WILL WIN!
13,Nov,7th,2020,4:54:48,PM,EST,13.Nov 7th 2020 - 4:54:48 PM EST,978k,158k,"71,000,000 Legal Votes. The most EVER for a sitting President!"
14,Jan,6th,2021,3:13:26,PM,EST,14.Jan 6th 2021 - 3:13:26 PM EST,730k,156k,"I am asking for everyone at the U.S. Capitol to remain peaceful. No violence! Remember, WE are the Party of Law & Order – respect the Law and our great men and women in Blue. Thank you!"
15,Jan,2nd,2018,7:49:19,PM,EST,15.Jan 2nd 2018 - 7:49:19 PM EST,430k,153k,"North Korean Leader Kim Jong Un just stated that the “Nuclear Button is on his desk at all times.” Will someone from his depleted and food starved regime please inform him that I too have a Nuclear Button, but it is a much bigger &amp, more powerful one than his, and my Button works!"
16,May,29th,2020,9:01:56,AM,EST,16.May 29th 2020 - 9:01:56 AM EST,765k,143k,CHINA!
17,Jan,7th,2020,9:45:24,PM,EST,17.Jan 7th 2020 - 9:45:24 PM EST,713k,143k,"All is well! Missiles launched from Iran at two military bases located in Iraq. Assessment of casualties &amp, damages taking place now. So far, so good! We have the most powerful and well equipped military anywhere in the world, by far! I will be making a statement tomorrow morning."
18,Oct,2nd,2020,11:31:34,PM,EST,18.Oct 2nd 2020 - 11:31:34 PM EST,1220k,140k,"Going welI, I think! Thank you to all. LOVE!!!"
19,Nov,6th,2012,11:45:09,PM,EST,19.Nov 6th 2012 - 11:45:09 PM EST,107k,136k,The electoral college is a disaster for a democracy.
20,Aug,19th,2020,9:38:31,AM,EST,20.Aug 19th 2020 - 9:38:31 AM EST,593k,135k,"IF YOU CAN PROTEST IN PERSON, YOU CAN VOTE IN PERSON!"
21,Nov,4th,2020,12:45:53,AM,EST,21.Nov 4th 2020 - 12:45:53 AM EST,925k,133k,I will be making a statement tonight. A big WIN!
22,Jan,5th,2020,12:11:03,AM,EST,22.Jan 5th 2020 - 12:11:03 AM EST,638k,132k,"The United States just spent Two Trillion Dollars on Military Equipment. We are the biggest and by far the BEST in the World! If Iran attacks an American Base, or any American, we will be sending some of that brand new beautiful equipment their way...and without hesitation!"
23,Oct,5th,2020,2:37:21,PM,EST,23.Oct 5th 2020 - 2:37:21 PM EST,594k,130k,"I will be leaving the great Walter Reed Medical Center today at 6:30 P.M. Feeling really good! Don’t be afraid of Covid. Don’t let it dominate your life. We have developed, under the Trump Administration, some really great drugs & knowledge. I feel better than I did 20 years ago!"
24,Nov,7th,2020,4:53:34,PM,EST,24.Nov 7th 2020 - 4:53:34 PM EST,684k,129k,"THE OBSERVERS WERE NOT ALLOWED INTO THE COUNTING ROOMS. I WON THE ELECTION, GOT 71,000,000 LEGAL VOTES. BAD THINGS HAPPENED WHICH OUR OBSERVERS WERE NOT ALLOWED TO SEE. NEVER HAPPENED BEFORE. MILLIONS OF MAIL-IN BALLOTS WERE SENT TO PEOPLE WHO NEVER ASKED FOR THEM!"
25,Mar,19th,2014,9:41:53,PM,EST,25.Mar 19th 2014 - 9:41:53 PM EST,128k,128k,It's almost like the United States has no President - we are a rudderless ship heading for a major disaster. Good luck everyone!
26,May,8th,2013,9:37:06,PM,EST,26.May 8th 2013 - 9:37:06 PM EST,155k,124k,"Sorry losers and haters, but my I.Q. is one of the highest -and you all know it! Please don't feel so stupid or insecure,it's not your fault"
27,Dec,28th,2020,4:00:35,PM,EST,27.Dec 28th 2020 - 4:00:35 PM EST,455k,122k,"“Breaking News: In Pennsylvania there were 205,000 more votes than there were voters. This alone flips the state to President Trump.”"
28,Nov,8th,2020,1:52:47,PM,EST,28.Nov 8th 2020 - 1:52:47 PM EST,690k,121k,Since when does the Lamestream Media call who our next president will be? We have all learned a lot in the last two weeks!
29,Nov,5th,2020,9:12:37,AM,EST,29.Nov 5th 2020 - 9:12:37 AM EST,749k,121k,STOP THE COUNT!
30,Nov,6th,2020,12:38:17,PM,EST,30.Nov 6th 2020 - 12:38:17 PM EST,652k,120k,Where are the missing military ballots in Georgia? What happened to them?
31,Nov,6th,2020,5:50:13,PM,EST,31.Nov 6th 2020 - 5:50:13 PM EST,677k,116k,Joe Biden should not wrongfully claim the office of the President. I could make that claim also. Legal proceedings are just now beginning!
32,Dec,31st,2016,8:17:21,AM,EST,32.Dec 31st 2016 - 8:17:21 AM EST,300k,114k,"Happy New Year to all, including to my many enemies and those who have fought me and lost so badly they just don't know what to do. Love!"
33,Nov,15th,2020,11:55:48,PM,EST,33.Nov 15th 2020 - 11:55:48 PM EST,719k,111k,I WON THE ELECTION!
34,Dec,24th,2020,3:56:47,PM,EST,34.Dec 24th 2020 - 3:56:47 PM EST,489k,110k,"VOTER FRAUD IS NOT A CONSPIRACY THEORY, IT IS A FACT!!!"
35,Nov,15th,2020,9:19:51,AM,EST,35.Nov 15th 2020 - 9:19:51 AM EST,572k,109k,He only won in the eyes of the FAKE NEWS MEDIA. I concede NOTHING! We have a long way to go. This was a RIGGED ELECTION!
36,Nov,3rd,2020,6:15:55,PM,EST,36.Nov 3rd 2020 - 6:15:55 PM EST,956k,109k,WE ARE LOOKING REALLY GOOD ALL OVER THE COUNTRY. THANK YOU!
37,Jan,8th,2021,9:46:38,AM,EST,37.Jan 8th 2021 - 9:46:38 AM EST,481k,109k,"The 75,000,000 great American Patriots who voted for me, AMERICA FIRST, and MAKE AMERICA GREAT AGAIN, will have a GIANT VOICE long into the future. They will not be disrespected or treated unfairly in any way, shape or form!!!"
38,Jul,6th,2020,8:28:26,AM,EST,38.Jul 6th 2020 - 8:28:26 AM EST,533k,107k,China has caused great damage to the United States and the rest of the World!
39,Jan,6th,2021,2:38:58,PM,EST,39.Jan 6th 2021 - 2:38:58 PM EST,582k,107k,Please support our Capitol Police and Law Enforcement. They are truly on the side of our Country. Stay peaceful!
40,Nov,10th,2020,8:43:35,AM,EST,40.Nov 10th 2020 - 8:43:35 AM EST,639k,106k,WE ARE MAKING BIG PROGRESS. RESULTS START TO COME IN NEXT WEEK. MAKE AMERICA GREAT AGAIN!
41,Oct,14th,2012,2:43:44,PM,EST,41.Oct 14th 2012 - 2:43:44 PM EST,130k,106k,I have never seen a thin person drinking Diet Coke.
42,Dec,25th,2020,8:32:32,AM,EST,42.Dec 25th 2020 - 8:32:32 AM EST,835k,105k,MERRY CHRISTMAS!
43,Dec,12th,2020,8:47:30,AM,EST,43.Dec 12th 2020 - 8:47:30 AM EST,580k,105k,WE HAVE JUST BEGUN TO FIGHT!!!
44,Apr,7th,2020,11:04:16,AM,EST,44.Apr 7th 2020 - 11:04:16 AM EST,438k,104k,"The W.H.O. really blew it. For some reason, funded largely by the United States, yet very China centric. We will be giving that a good look. Fortunately I rejected their advice on keeping our borders open to China early on. Why did they give us such a faulty recommendation?"
45,Apr,8th,2020,2:11:51,PM,EST,45.Apr 8th 2020 - 2:11:51 PM EST,431k,103k,"Extraordinary times require even closer cooperation between friends. Thank you India and the Indian people for the decision on HCQ. Will not be forgotten! Thank you Prime Minister @NarendraModi for your strong leadership in helping not just India, but humanity, in this fight!"
46,Mar,17th,2020,3:31:33,PM,EST,46.Mar 17th 2020 - 3:31:33 PM EST,532k,103k,The world is at war with a hidden enemy. WE WILL WIN!
47,Nov,4th,2020,11:55:31,AM,EST,47.Nov 4th 2020 - 11:55:31 AM EST,627k,102k,"They are finding Biden votes all over the place — in Pennsylvania, Wisconsin, and Michigan. So bad for our Country!"
48,Dec,25th,2019,7:26:31,AM,EST,48.Dec 25th 2019 - 7:26:31 AM EST,686k,102k,MERRY CHRISTMAS!
49,Nov,6th,2020,6:25:39,PM,EST,49.Nov 6th 2020 - 6:25:39 PM EST,581k,102k,"I had such a big lead in all of these states late into election night, only to see the leads miraculously disappear as the days went by. Perhaps these leads will return as our legal proceedings move forward!"
50,Nov,8th,2020,9:17:33,AM,EST,50.Nov 8th 2020 - 9:17:33 AM EST,516k,101k,"“We believe these people are thieves. The big city machines are corrupt. This was a stolen election. Best pollster in Britain wrote this morning that this clearly was a stolen election, that it’s impossible to imagine that Biden outran Obama in some of these states."
51,Nov,9th,2020,2:36:26,PM,EST,51.Nov 9th 2020 - 2:36:26 PM EST,493k,101k,The threshold identification of Ballots is turning out to be even bigger than originally anticipated. A very large number of Ballots are impacted. Stay tuned!
52,Oct,3rd,2020,1:19:38,PM,EST,52.Oct 3rd 2020 - 1:19:38 PM EST,649k,100k,"Doctors, Nurses and ALL at the GREAT Walter Reed Medical Center, and others from likewise incredible institutions who have joined them, are AMAZING!!!Tremendous progress has been made over the last 6 months in fighting this PLAGUE. With their help, I am feeling well!"
53,Mar,21st,2020,10:13:08,AM,EST,53.Mar 21st 2020 - 10:13:08 AM EST,369k,100k,"HYDROXYCHLOROQUINE & AZITHROMYCIN, taken together, have a real chance to be one of the biggest game changers in the history of medicine. The FDA has moved mountains - Thank You! Hopefully they will BOTH (H works better with A, International Journal of Antimicrobial Agents)....."
54,Nov,26th,2020,10:44:23,AM,EST,54.Nov 26th 2020 - 10:44:23 AM EST,497k,99k,"Just saw the vote tabulations. There is NO WAY Biden got 80,000,000 votes!!! This was a 100% RIGGED ELECTION."
55,May,10th,2020,3:11:54,PM,EST,55.May 10th 2020 - 3:11:54 PM EST,377k,99k,OBAMAGATE!
56,Oct,6th,2020,10:18:10,PM,EST,56.Oct 6th 2020 - 10:18:10 PM EST,347k,98k,"If I am sent a Stand Alone Bill for Stimulus Checks ($1,200), they will go out to our great people IMMEDIATELY. I am ready to sign right now. Are you listening Nancy? @MarkMeadows @senatemajldr @kevinomccarthy @SpeakerPelosi @SenSchumer"
57,Nov,16th,2020,8:51:44,AM,EST,57.Nov 16th 2020 - 8:51:44 AM EST,682k,97k,I won the Election!
58,Nov,25th,2020,4:08:07,PM,EST,58.Nov 25th 2020 - 4:08:07 PM EST,474k,97k,"It is my Great Honor to announce that General Michael T. Flynn has been granted a Full Pardon. Congratulations to @GenFlynn and his wonderful family, I know you will now have a truly fantastic Thanksgiving!"
59,Nov,9th,2020,7:31:44,AM,EST,59.Nov 9th 2020 - 7:31:44 AM EST,720k,97k,"STOCK MARKET UP BIG, VACCINE COMING SOON. REPORT 90% EFFECTIVE. SUCH GREAT NEWS!"
60,Jul,22nd,2018,11:24:19,PM,EST,60.Jul 22nd 2018 - 11:24:19 PM EST,303k,97k,"To Iranian President Rouhani: NEVER, EVER THREATEN THE UNITED STATES AGAIN OR YOU WILL SUFFER CONSEQUENCES THE LIKES OF WHICH FEW THROUGHOUT HISTORY HAVE EVER SUFFERED BEFORE. WE ARE NO LONGER A COUNTRY THAT WILL STAND FOR YOUR DEMENTED WORDS OF VIOLENCE &amp, DEATH. BE CAUTIOUS!"
61,Nov,9th,2020,3:21:43,PM,EST,61.Nov 9th 2020 - 3:21:43 PM EST,638k,95k,"Georgia will be a big presidential win, as it was the night of the Election!"
62,Jun,4th,2020,6:28:54,PM,EST,62.Jun 4th 2020 - 6:28:54 PM EST,566k,95k,YOU DON’T BURN CHURCHES IN AMERICA!
63,Nov,21st,2020,6:13:41,PM,EST,63.Nov 21st 2020 - 6:13:41 PM EST,608k,94k,The Media is just as corrupt as the Election itself!
64,Jul,20th,2016,11:36:06,AM,EST,64.Jul 20th 2016 - 11:36:06 AM EST,208k,94k,The media is spending more time doing a forensic analysis of Melania's speech than the FBI spent on Hillary's emails.
65,Dec,11th,2020,7:26:20,AM,EST,65.Dec 11th 2020 - 7:26:20 AM EST,590k,94k,I just want to stop the world from killing itself!
66,Nov,6th,2012,2:15:52,PM,EST,66.Nov 6th 2012 - 2:15:52 PM EST,67k,94k,The concept of global warming was created by and for the Chinese in order to make U.S. manufacturing non-competitive.
67,Oct,3rd,2020,1:46:48,PM,EST,67.Oct 3rd 2020 - 1:46:48 PM EST,650k,93k,OUR GREAT USA WANTS & NEEDS STIMULUS. WORK TOGETHER AND GET IT DONE. Thank you!
68,Nov,15th,2020,9:16:11,AM,EST,68.Nov 15th 2020 - 9:16:11 AM EST,605k,93k,RIGGED ELECTION. WE WILL WIN!
69,Jan,6th,2021,9:00:12,AM,EST,69.Jan 6th 2021 - 9:00:12 AM EST,377k,92k,"They just happened to find 50,000 ballots late last night. The USA is embarrassed by fools. Our Election Process is worse than that of third world countries!"
70,Dec,22nd,2020,10:29:24,AM,EST,70.Dec 22nd 2020 - 10:29:24 AM EST,400k,92k,THE DEMOCRATS DUMPED HUNDREDS OF THOUSANDS OF BALLOTS IN THE SWING STATES LATE IN THE EVENING. IT WAS A RIGGED ELECTION!!!
71,Nov,10th,2020,6:21:51,PM,EST,71.Nov 10th 2020 - 6:21:51 PM EST,457k,92k,Ballot Corruption will be exposed tonight at 9:00pmE on @SeanHannity on @FoxNews!
72,Nov,4th,2020,6:24:59,PM,EST,72.Nov 4th 2020 - 6:24:59 PM EST,533k,92k,"Our lawyers have asked for “meaningful access”, but what good does that do? The damage has already been done to the integrity of our system, and to the Presidential Election itself. This is what should be discussed!"
73,Nov,27th,2020,10:56:13,AM,EST,73.Nov 27th 2020 - 10:56:13 AM EST,386k,92k,"Biden can only enter the White House as President if he can prove that his ridiculous “80,000,000 votes” were not fraudulently or illegally obtained. When you see what happened in Detroit, Atlanta, Philadelphia & Milwaukee, massive voter fraud, he’s got a big unsolvable problem!"
74,May,13th,2020,8:57:38,PM,EST,74.May 13th 2020 - 8:57:38 PM EST,369k,91k,OBAMAGATE!
75,Dec,21st,2020,7:24:59,AM,EST,75.Dec 21st 2020 - 7:24:59 AM EST,391k,91k,Big news coming out of Pennsylvania. Very big illegal ballot drop that cannot be accounted for. Rigged Election!
76,Sep,5th,2013,9:20:34,AM,EST,76.Sep 5th 2013 - 9:20:34 AM EST,75k,91k,"AGAIN, TO OUR VERY FOOLISH LEADER, DO NOT ATTACK SYRIA - IF YOU DO MANY VERY BAD THINGS WILL HAPPEN & FROM THAT FIGHT THE U.S. GETS NOTHING!"
77,Dec,13th,2020,10:36:46,AM,EST,77.Dec 13th 2020 - 10:36:46 AM EST,550k,91k,MOST CORRUPT ELECTION IN U.S. HISTORY!
78,Oct,4th,2020,3:51:14,PM,EST,78.Oct 4th 2020 - 3:51:14 PM EST,599k,91k,"I really appreciate all of the fans and supporters outside of the hospital. The fact is, they really love our Country and are seeing how we are MAKING IT GREATER THAN EVER BEFORE!"
79,Mar,29th,2020,3:00:26,PM,EST,79.Mar 29th 2020 - 3:00:26 PM EST,503k,91k,"I am a great friend and admirer of the Queen & the United Kingdom. It was reported that Harry and Meghan, who left the Kingdom, would reside permanently in Canada. Now they have left Canada for the U.S. however, the U.S. will not pay for their security protection. They must pay!"
80,Jan,5th,2021,11:06:45,AM,EST,80.Jan 5th 2021 - 11:06:45 AM EST,430k,90k,The Vice President has the power to reject fraudulently chosen electors.
81,Nov,6th,2020,2:23:33,AM,EST,81.Nov 6th 2020 - 2:23:33 AM EST,498k,90k,"Twitter is out of control, made possible through the government gift of Section 230!"
82,Nov,11th,2020,7:13:08,PM,EST,82.Nov 11th 2020 - 7:13:08 PM EST,410k,89k,"Nobody wants to report that Pennsylvania and Michigan didn’t allow our Poll Watchers and/or Vote Observers to Watch or Observe. This is responsible for hundreds of thousands of votes that should not be allowed to count. Therefore, I easily win both states. Report the News!"
83,Oct,7th,2020,10:57:08,PM,EST,83.Oct 7th 2020 - 10:57:08 PM EST,636k,89k,Mike Pence WON BIG!
84,Dec,30th,2020,2:06:51,PM,EST,84.Dec 30th 2020 - 2:06:51 PM EST,458k,89k,"JANUARY SIXTH, SEE YOU IN DC!"
85,Dec,24th,2020,5:59:54,PM,EST,85.Dec 24th 2020 - 5:59:54 PM EST,347k,89k,"Twitter is going wild with their flags, trying hard to suppress even the truth. Just shows how dangerous they are, purposely stifling free speech. Very dangerous for our Country. Does Congress know that this is how Communism starts? Cancel Culture at its worst. End Section 230!"
86,Nov,4th,2020,10:17:14,AM,EST,86.Nov 4th 2020 - 10:17:14 AM EST,553k,88k,How come every time they count Mail-In ballot dumps they are so devastating in their percentage and power of destruction?
87,Jul,19th,2020,7:45:33,AM,EST,87.Jul 19th 2020 - 7:45:33 AM EST,541k,87k,MAKE AMERICA GREAT AGAIN!
88,Mar,9th,2020,10:47:59,AM,EST,88.Mar 9th 2020 - 10:47:59 AM EST,282k,87k,"So last year 37,000 Americans died from the common Flu. It averages between 27,000 and 70,000 per year. Nothing is shut down, life & the economy go on. At this moment there are 546 confirmed cases of CoronaVirus, with 22 deaths. Think about that!"
89,Dec,23rd,2020,6:16:23,PM,EST,89.Dec 23rd 2020 - 6:16:23 PM EST,328k,87k,"After seeing the massive Voter Fraud in the 2020 Presidential Election, I disagree with anyone that thinks a strong, fast, and fair Special Counsel is not needed, IMMEDIATELY. This was the most corrupt election in the history of our Country, and it must be closely examined!"
90,Mar,13th,2020,6:54:36,PM,EST,90.Mar 13th 2020 - 6:54:36 PM EST,352k,87k,"It is my great honor to declare Sunday, March 15th as a National Day of Prayer. We are a Country that, throughout our history, has looked to God for protection and strength in times like these...."
91,Dec,20th,2020,12:26:49,AM,EST,91.Dec 20th 2020 - 12:26:49 AM EST,425k,86k,GREATEST ELECTION FRAUD IN THE HISTORY OF OUR COUNTRY!!!
92,Nov,5th,2020,11:07:27,AM,EST,92.Nov 5th 2020 - 11:07:27 AM EST,678k,86k,Big legal win in Pennsylvania!
93,Jan,26th,2020,6:54:34,PM,EST,93.Jan 26th 2020 - 6:54:34 PM EST,695k,86k,"Kobe Bryant, despite being one of the truly great basketball players of all time, was just getting started in life. He loved his family so much, and had such strong passion for the future. The loss of his beautiful daughter, Gianna, makes this moment even more devastating...."
94,Dec,30th,2020,4:51:06,PM,EST,94.Dec 30th 2020 - 4:51:06 PM EST,348k,86k,We now have far more votes than needed to flip Georgia in the Presidential race. Massive VOTER FRAUD took place. Thank you to the Georgia Legislature for today’s revealing meeting!
95,Jun,11th,2020,10:09:59,AM,EST,95.Jun 11th 2020 - 10:09:59 AM EST,412k,85k,THOSE THAT DENY THEIR HISTORY ARE DOOMED TO REPEAT IT!
96,Jan,1st,2018,7:12:00,AM,EST,96.Jan 1st 2018 - 7:12:00 AM EST,265k,85k,"The United States has foolishly given Pakistan more than 33 billion dollars in aid over the last 15 years, and they have given us nothing but lies &amp, deceit, thinking of our leaders as fools. They give safe haven to the terrorists we hunt in Afghanistan, with little help. No more!"
97,Dec,27th,2020,5:51:36,PM,EST,97.Dec 27th 2020 - 5:51:36 PM EST,409k,85k,"See you in Washington, DC, on January 6th. Don’t miss it. Information to follow!"
98,Sep,28th,2020,10:33:31,AM,EST,98.Sep 28th 2020 - 10:33:31 AM EST,408k,85k,"Joe Biden just announced that he will not agree to a Drug Test. Gee, I wonder why?"
99,Oct,18th,2020,9:50:54,AM,EST,99.Oct 18th 2020 - 9:50:54 AM EST,277k,85k,"Hunter Biden’s laptop is a disaster for the entire Biden family, but especially for his father, Joe. It is now a proven fact, and cannot be denied, that all of that info is the REAL DEAL. That makes it impossible for “50%, or 10%” Joe, to ever assume the office of the President!"
100,Jan,2nd,2021,9:22:13,AM,EST,100.Jan 2nd 2021 - 9:22:13 AM EST,537k,85k,MAKE AMERICA GREAT AGAIN!
101,Nov,30th,2020,8:41:43,AM,EST,101.Nov 30th 2020 - 8:41:43 AM EST,496k,84k,"I’m not fighting for me, I’m fighting for the 74,000,000 million people (not including the many Trump ballots that were “tossed”), a record for a sitting President, who voted for me!"
102,Jun,4th,2020,6:59:50,AM,EST,102.Jun 4th 2020 - 6:59:50 AM EST,532k,84k,MAKE AMERICA GREAT AGAIN!
103,Jul,25th,2019,5:24:21,PM,EST,103.Jul 25th 2019 - 5:24:21 PM EST,305k,84k,Give A$AP Rocky his FREEDOM. We do so much for Sweden but it doesn’t seem to work the other way around. Sweden should focus on its real crime problem! #FreeRocky
104,Apr,20th,2020,10:06:22,PM,EST,104.Apr 20th 2020 - 10:06:22 PM EST,382k,84k,"In light of the attack from the Invisible Enemy, as well as the need to protect the jobs of our GREAT American Citizens, I will be signing an Executive Order to temporarily suspend immigration into the United States!"
105,Jan,8th,2021,10:44:28,AM,EST,105.Jan 8th 2021 - 10:44:28 AM EST,511k,84k,"To all of those who have asked, I will not be going to the Inauguration on January 20th."
106,Aug,3rd,2020,7:49:09,AM,EST,106.Aug 3rd 2020 - 7:49:09 AM EST,416k,83k,FAKE NEWS IS THE ENEMY OF THE PEOPLE!
107,Dec,26th,2020,2:02:58,PM,EST,107.Dec 26th 2020 - 2:02:58 PM EST,359k,83k,"The lockdowns in Democrat run states are absolutely ruining the lives of so many people - Far more than the damage that would be caused by the China Virus. Cases in California have risen despite the lockdown, yet Florida & others are open & doing well. Common sense please!"
108,Jan,5th,2021,5:05:56,PM,EST,108.Jan 5th 2021 - 5:05:56 PM EST,328k,83k,"Washington is being inundated with people who don’t want to see an election victory stolen by emboldened Radical Left Democrats. Our Country has had enough, they won’t take it anymore! We hear you (and love you) from the Oval Office. MAKE AMERICA GREAT AGAIN!"
109,Nov,17th,2020,9:11:08,PM,EST,109.Nov 17th 2020 - 9:11:08 PM EST,512k,82k,Wow! Michigan just refused to certify the election results! Having courage is a beautiful thing. The USA stands proud!
110,Nov,13th,2020,7:28:15,PM,EST,110.Nov 13th 2020 - 7:28:15 PM EST,416k,82k,"700,000 ballots were not allowed to be viewed in Philadelphia and Pittsburgh which means, based on our great Constitution, we win the State of Pennsylvania!"
111,Jun,14th,2020,5:54:50,PM,EST,111.Jun 14th 2020 - 5:54:50 PM EST,456k,82k,THE SILENT MAJORITY IS STRONGER THAN EVER!!!
112,Jan,1st,2021,8:30:01,AM,EST,112.Jan 1st 2021 - 8:30:01 AM EST,681k,82k,HAPPY NEW YEAR!
113,Apr,17th,2020,9:20:29,AM,EST,113.Apr 17th 2020 - 9:20:29 AM EST,295k,82k,Why did the W.H.O. Ignore an email from Taiwanese health officials in late December alerting them to the possibility that CoronaVirus could be transmitted between humans? Why did the W.H.O. make several claims about the CoronaVirus that ere either inaccurate or misleading....
114,May,16th,2020,4:14:20,PM,EST,114.May 16th 2020 - 4:14:20 PM EST,336k,82k,OBAMAGATE!
115,Nov,9th,2020,3:17:47,PM,EST,115.Nov 9th 2020 - 3:17:47 PM EST,479k,81k,Pennsylvania prevented us from watching much of the Ballot count. Unthinkable and illegal in this country.
116,May,30th,2020,11:54:56,AM,EST,116.May 30th 2020 - 11:54:56 AM EST,342k,81k,It’s ANTIFA and the Radical Left. Don’t lay the blame on others!
117,Dec,15th,2020,10:41:41,AM,EST,117.Dec 15th 2020 - 10:41:41 AM EST,412k,81k,Tremendous evidence pouring in on voter fraud. There has never been anything like this in our Country!
118,Nov,13th,2020,1:35:54,PM,EST,118.Nov 13th 2020 - 1:35:54 PM EST,406k,81k,"Heartwarming to see all of the tremendous support out there, especially the organic Rallies that are springing up all over the Country, including a big one on Saturday in D.C. I may even try to stop by and say hello. This Election was Rigged, from Dominion all the way up & down!"
119,Jul,30th,2020,4:23:17,PM,EST,119.Jul 30th 2020 - 4:23:17 PM EST,440k,81k,"We are going to WIN the 2020 Election, BIG! #MAGA"
120,Apr,22nd,2020,8:08:05,AM,EST,120.Apr 22nd 2020 - 8:08:05 AM EST,424k,81k,I have instructed the United States Navy to shoot down and destroy any and all Iranian gunboats if they harass our ships at sea.
121,Aug,19th,2020,10:33:12,AM,EST,121.Aug 19th 2020 - 10:33:12 AM EST,297k,81k,"Don’t buy GOODYEAR TIRES - They announced a BAN ON MAGA HATS. Get better tires for far less! (This is what the Radical Left Democrats do. Two can play the same game, and we have to start playing it now!)."
122,Oct,7th,2020,11:25:38,AM,EST,122.Oct 7th 2020 - 11:25:38 AM EST,440k,80k,THE FAKE NEWS MEDIA IS THE REAL OPPOSITION PARTY!
123,Mar,24th,2019,4:42:19,PM,EST,123.Mar 24th 2019 - 4:42:19 PM EST,363k,80k,"No Collusion, No Obstruction, Complete and Total EXONERATION. KEEP AMERICA GREAT!"
124,Nov,10th,2020,7:55:12,PM,EST,124.Nov 10th 2020 - 7:55:12 PM EST,401k,80k,"“I don’t care what state you’re in, this computer voting system is wide open to fraud and intervention.” @LouDobbs True, and wait until you see what’s coming!"
125,Oct,9th,2020,2:44:41,PM,EST,125.Oct 9th 2020 - 2:44:41 PM EST,285k,79k,"Breaking News: 50,000 OHIO VOTERS getting WRONG ABSENTEE BALLOTS. Out of control. A Rigged Election!!!"
126,Nov,26th,2020,11:11:22,PM,EST,126.Nov 26th 2020 - 11:11:22 PM EST,403k,79k,"For purposes of National Security, Section 230 must be immediately terminated!!!"
127,Oct,5th,2020,7:05:18,AM,EST,127.Oct 5th 2020 - 7:05:18 AM EST,523k,79k,PRO LIFE! VOTE!
128,Nov,6th,2017,6:05:14,PM,EST,128.Nov 6th 2017 - 6:05:14 PM EST,38k,79k,....Some of those they are harshly treating have been “milking” their country for years!
129,Dec,26th,2020,6:23:35,PM,EST,129.Dec 26th 2020 - 6:23:35 PM EST,301k,79k,"Time for Republican Senators to step up and fight for the Presidency, like the Democrats would do if they had actually won. The proof is irrefutable! Massive late night mail-in ballot drops in swing states, stuffing the ballot boxes (on video), double voters, dead voters,"
130,Nov,21st,2020,8:58:39,AM,EST,130.Nov 21st 2020 - 8:58:39 AM EST,459k,79k,Big voter fraud information coming out concerning Georgia. Stay tuned!
131,Sep,19th,2020,10:10:27,AM,EST,131.Sep 19th 2020 - 10:10:27 AM EST,303k,79k,".@GOP We were put in this position of power and importance to make decisions for the people who so proudly elected us, the most important of which has long been considered to be the selection of United States Supreme Court Justices. We have this obligation, without delay!"
132,Nov,25th,2020,12:45:04,PM,EST,132.Nov 25th 2020 - 12:45:04 PM EST,480k,78k,RIGGED ELECTION!
133,Nov,9th,2020,2:54:33,PM,EST,133.Nov 9th 2020 - 2:54:33 PM EST,363k,78k,"Nevada is turning out to be a cesspool of Fake Votes. @mschlapp & @AdamLaxalt are finding things that, when released, will be absolutely shocking!"
134,Nov,10th,2020,10:33:47,AM,EST,134.Nov 10th 2020 - 10:33:47 AM EST,525k,78k,BALLOT COUNTING ABUSE!
135,Jan,5th,2021,10:28:36,PM,EST,135.Jan 5th 2021 - 10:28:36 PM EST,331k,78k,Looks like they are setting up a big “voter dump” against the Republican candidates. Waiting to see how many votes they need?
136,Nov,26th,2016,8:08:11,AM,EST,136.Nov 26th 2016 - 8:08:11 AM EST,172k,78k,Fidel Castro is dead!
137,Jan,6th,2020,9:48:27,AM,EST,137.Jan 6th 2020 - 9:48:27 AM EST,437k,78k,IRAN WILL NEVER HAVE A NUCLEAR WEAPON!
138,Nov,11th,2020,6:48:57,PM,EST,138.Nov 11th 2020 - 6:48:57 PM EST,494k,77k,"Everyone is asking why the recent presidential polls were so inaccurate when it came to me. Because they are FAKE, just like much of the Lamestream Media!"
139,Nov,4th,2020,1:43:43,PM,EST,139.Nov 4th 2020 - 1:43:43 PM EST,419k,77k,"Wow! It looks like Michigan has now found the ballots necessary to keep a wonderful young man, John James, out of the U.S. Senate. What a terrible thing is happening!"
140,Dec,24th,2020,6:06:53,PM,EST,140.Dec 24th 2020 - 6:06:53 PM EST,336k,77k,"I saved at least 8 Republican Senators, including Mitch, from losing in the last Rigged (for President) Election. Now they (almost all) sit back and watch me fight against a crooked and vicious foe, the Radical Left Democrats. I will NEVER FORGET!"
141,Nov,8th,2020,8:38:19,AM,EST,141.Nov 8th 2020 - 8:38:19 AM EST,391k,77k,“We should look at the votes. We’re just beginning the tabulation stage. We should look at these allegations. We’re seeing a number of affidavits that there has been voter fraud. We have a history in this country of election problems. In Pennsylvania you had an order by a...
142,Jul,27th,2020,6:59:40,PM,EST,142.Jul 27th 2020 - 6:59:40 PM EST,486k,76k,MAKE AMERICA GREAT AGAIN!
143,Aug,3rd,2020,11:22:56,PM,EST,143.Aug 3rd 2020 - 11:22:56 PM EST,471k,76k,OPEN THE SCHOOLS!!!
144,Dec,31st,2019,8:30:35,PM,EST,144.Dec 31st 2019 - 8:30:35 PM EST,534k,76k,HAPPY NEW YEAR!
145,Oct,12th,2020,8:38:44,AM,EST,145.Oct 12th 2020 - 8:38:44 AM EST,479k,76k,California is going to hell. Vote Trump!
146,Jan,11th,2020,4:46:26,PM,EST,146.Jan 11th 2020 - 4:46:26 PM EST,340k,76k,به مردم شجاع و رنج کشیده ایران: من از ابتدای دوره ریاست جمهوریم با شما ایستاده‌ام و دولت من همچنان با شما خواهد ایستاد. ما اعتراضات شما را از نزدیک دنبال می کنیم. شجاعت شما الهام بخش است.
147,Nov,23rd,2020,11:07:18,PM,EST,147.Nov 23rd 2020 - 11:07:18 PM EST,345k,76k,What does GSA being allowed to preliminarily work with the Dems have to do with continuing to pursue our various cases on what will go down as the most corrupt election in American political history? We are moving full speed ahead. Will never concede to fake ballots & “Dominion”.
148,Jun,9th,2020,9:43:12,AM,EST,148.Jun 9th 2020 - 9:43:12 AM EST,488k,75k,MAKE AMERICA GREAT AGAIN!
149,Jan,5th,2020,3:25:32,PM,EST,149.Jan 5th 2020 - 3:25:32 PM EST,351k,75k,"These Media Posts will serve as notification to the United States Congress that should Iran strike any U.S. person or target, the United States will quickly &amp, fully strike back, &amp, perhaps in a disproportionate manner. Such legal notice is not required, but is given nevertheless!"
150,Jul,10th,2020,11:49:40,AM,EST,150.Jul 10th 2020 - 11:49:40 AM EST,304k,75k,"Too many Universities and School Systems are about Radical Left Indoctrination, not Education. Therefore, I am telling the Treasury Department to re-examine their Tax-Exempt Status..."